<?xml version="1.0" encoding="utf-8"?>
<feed xmlns="http://www.w3.org/2005/Atom">

 <title>The ICLR Blog Track</title>
 <link href="https://iclr.iro.umontreal.ca/1a0acc39-2b8f-4d66-a85d-7768d58e48df_1669938701/atom.xml" rel="self"/>
 <link href="https://iclr.iro.umontreal.ca/1a0acc39-2b8f-4d66-a85d-7768d58e48df_1669938701/"/>
 <updated>2022-12-01T17:52:02-06:00</updated>
 <id>https://iclr.iro.umontreal.ca/1a0acc39-2b8f-4d66-a85d-7768d58e48df_1669938701</id>
 <author>
   <name>Mark Otto</name>
   <email>markdotto@gmail.com</email>
 </author>

 
 <entry>
   <title>Slim but Smart -- a Review on ALBERT</title>
   <link href="https://iclr.iro.umontreal.ca/1a0acc39-2b8f-4d66-a85d-7768d58e48df_1669938701/2021/12/01/slim-but-smart-a-review-on-ALBERT/"/>
   <updated>2021-12-01T00:00:00-06:00</updated>
   <id>https://iclr.iro.umontreal.ca/1a0acc39-2b8f-4d66-a85d-7768d58e48df_1669938701/2021/12/01/slim-but-smart-a-review-on-ALBERT</id>
   <content type="html">&lt;p&gt;What does it take to build an intelligent robot that comprehends text and responds appropriately to relevant questions? For example, how good can a robot be at taking the &lt;a href=&quot;https://arxiv.org/pdf/1704.04683.pdf&quot;&gt;English reading comprehension exams (RACE)&lt;/a&gt; administered to Chinese middle-schoolers and high-schoolers? In 2018, Google’s AI Language team published &lt;a href=&quot;https://www.marketingaiinstitute.com/blog/bert-google&quot;&gt;BERT&lt;/a&gt;, a breakthrough in natural language processing designed to answer this very question. Named for its bidirectional transformer structure, BERT established the significant performance advantages of pre-trained models for learning tasks; the model utilized &lt;strong&gt;340 million&lt;/strong&gt; parameters to achieve an &lt;a href=&quot;https://openreview.net/attachment?id=H1eA7AEtvS&amp;amp;name=original_pdf&quot;&gt;accuracy of 72%&lt;/a&gt;. Even with Tensor Processing Units (TPUs) – Google’s proprietary hardware developed specifically for large-scale deep learning tasks – BERT required &lt;a href=&quot;https://huggingface.co/blog/bert-101&quot;&gt;four days of training on 64 TPUs&lt;/a&gt;!&lt;br /&gt;
&lt;br /&gt;
&lt;img src=&quot;/public/images/2021-12-01-slim-but-smart-a-review-on-ALBERT/race.png&quot; alt=&quot;race&quot; /&gt;&lt;/p&gt;
&lt;p align=&quot;center&quot;&gt;&lt;sup&gt;Here's an example question taken from the RACE test (not the clearest abbreviations, I know). If you have a second to scan through the story above, you will realize that it is pretty simple for humans, but it takes a lot of compute for a computer to understand the passage.&lt;/sup&gt;&lt;/p&gt;
&lt;p&gt;&lt;br /&gt;
As with any machine learning breakthrough, there are two questions that immediately come to mind. Can we achieve the same results more efficiently? And can we improve upon this performance?&lt;br /&gt;
&lt;br /&gt;
Let’s start out with the first question: we need a way to slim down this gigantic model! At a basic level, memory limitations are an immediate bottleneck. Even with dedicated hardware, there is always an incentive to shrink our models down to reduce the memory demands of training. Additionally, large models like BERT are typically trained in a distributed manner across many machines; the communication overhead associated with such an approach is also significant. Ideally, we can address both these issues by shrinking the number of parameters in the model.&lt;br /&gt;
&lt;br /&gt;
Enter ALBERT – short for A Lite BERT. ALBERT is a smaller version of BERT that strives to circumvent these exact limitations while also making performance advancements.&lt;/p&gt;
&lt;h2 id=&quot;improvements-offered-by-albert&quot;&gt;Improvements Offered by ALBERT&lt;/h2&gt;
&lt;p&gt;ALBERT utilizes three key features to be slim but smart. The first two are techniques used to slim down the model and the last one boosts its performance.&lt;/p&gt;
&lt;ol&gt;
  &lt;li&gt;&lt;a href=&quot;#factorized-embedding-parameterization&quot;&gt;Factorized embedding parameterization&lt;/a&gt;&lt;/li&gt;
  &lt;li&gt;&lt;a href=&quot;#croos-layer-parameter-sharing&quot;&gt;Cross-layer parameter sharing&lt;/a&gt;&lt;/li&gt;
  &lt;li&gt;&lt;a href=&quot;#sentence-order-prediction-loss&quot;&gt;Self-supervised loss for sentence-order prediction&lt;/a&gt;.&lt;/li&gt;
&lt;/ol&gt;
&lt;p&gt;&lt;/p&gt;
&lt;h3 id=&quot;factorized-embedding-parameterization&quot;&gt;Factorized Embedding Parameterization&lt;/h3&gt;
&lt;p&gt;Machines use numerical values, but words are categorical. The way we can translate words to trainable metrics is by using word embeddings, which are a set of numerical values unique to each word or word-related token (such as WordPieces embeddings used in &lt;a href=&quot;https://arxiv.org/pdf/1609.08144.pdf&quot;&gt;BERT&lt;/a&gt;). These values can be tweaked after being propagated across multiple blocks of the transformer to reflect higher level relationships between words.&lt;br /&gt;
&lt;img src=&quot;/public/images/2021-12-01-slim-but-smart-a-review-on-ALBERT/bert.png&quot; alt=&quot;bert&quot; /&gt;&lt;/p&gt;
&lt;p align=&quot;center&quot;&gt;&lt;sup&gt;The architecture of BERT, showing &lt;em&gt;E&lt;/em&gt; and &lt;em&gt;T&lt;/em&gt;.&lt;br /&gt; (Annotations added by authors of this blog)&lt;/sup&gt;&lt;/p&gt;
&lt;p&gt;In the original BERT model, the input word embeddings &lt;em&gt;E&lt;/em&gt; have the same size as the hidden word embeddings &lt;em&gt;T&lt;/em&gt;. However, ALBERT separates the two embedding matrices. This is because WordPiece (input) embedding E are designed to learn context-independent representations, whereas hidden-layer embeddings T are meant to learn context-dependent representations, and BERT performs well precisely because of these context-dependent representations. ALBERT delinks the size of &lt;em&gt;E&lt;/em&gt; vectors from that of &lt;em&gt;T&lt;/em&gt;. It projects the input through a lower dimensional space before projecting it into the hidden space. This change led to a significant decrease in parameters.&lt;/p&gt;
&lt;h3 id=&quot;cross-layer-parameter-sharing&quot;&gt;Cross-layer Parameter Sharing&lt;/h3&gt;
&lt;p&gt;In a transformer layer, there is an attention network and a feed-forward network. In the original BERT model, the multi-head self-attention segment and feed-forward segment each have their own parameters. ALBERT instead has parameters that are shared between these subsegments. By sharing parameters across all layers, the total number of parameters within ALBERT is greatly reduced relative to BERT. In addition to decreasing parameter redundancy and improving overall model efficiency, this feature also stabilizes the parameters such that the model is more generalizable.&lt;/p&gt;
&lt;div class=&quot;message&quot;&gt;
&lt;strong&gt;Sidenote&lt;/strong&gt;: stabilizing the parameters means that the difference between the inputs and outputs of different layers are not widely different. This can be analyzed using the L2 distances and cosine similarity of the input and output embeddings of each layer. As shown here, ALBERT’s curve is smooth, suggesting more stable parameters.
&lt;img src=&quot;/public/images/2021-12-01-slim-but-smart-a-review-on-ALBERT/cross.png&quot; /&gt;
&lt;/div&gt;
&lt;h3 id=&quot;sentence-order-prediction-loss&quot;&gt;Sentence Order Prediction Loss&lt;/h3&gt;
&lt;p&gt;BERT used Next-Sentence Prediction (NSP) as a loss function, which predicts “yes” or “no” as to whether two segments of text appear consecutively in the original text. The NSP’s objective was designed to improve performance on other tasks, such as understanding whether two sentences have the same meaning, but was later deemed ineffective. This might be due to the fact that NSP tries to combine the prediction of topics and the coherence of the sentences into one task. Insead, ALBERT uses a new loss called Sentence Order Prediction (SOP), which only focuses on modeling inter-sentence coherence. This has helped ALBERT achieve better results.&lt;/p&gt;
&lt;p&gt;&lt;/p&gt;
&lt;h2 id=&quot;alberts-experimental-setup&quot;&gt;ALBERT’s Experimental Setup&lt;/h2&gt;
&lt;p&gt;For comparison, the authors preprocessed their data and performed training with the same methodology that was used for BERT. ALBERT was trained on the English Wikipedia and BOOKCORPUS datasets, which together contain ~16 GB of uncompressed data. ALBERT also uses a vocabulary size of 30,000 and groups together the vocabulary in groups of 1-grams, 2-grams, or 3-grams.&lt;/p&gt;
&lt;div class=&quot;message&quot;&gt;
&lt;strong&gt;Side note&lt;/strong&gt;: contiguous sequences of n words can be grouped together into n-grams. 
&lt;/div&gt;
&lt;p&gt;&lt;/p&gt;
&lt;h2 id=&quot;impacts-of-alberts-improvements&quot;&gt;Impacts of ALBERT’s Improvements&lt;/h2&gt;
&lt;p&gt;Let’s take a deeper dive into just how much better ALBERT is compared to its bigger brother.&lt;/p&gt;
&lt;h3 id=&quot;high-level-architectureparameter-comparison&quot;&gt;High level Architecture/Parameter Comparison&lt;/h3&gt;
&lt;p&gt;ALBERT is released in 4 different model sizes, with all versions being a fraction of the size of BERT. For example, ALBERT-base has 9x fewer parameters than BERT-base, and ALBERT-large has about 18x fewer parameters compared to BERT-large.
&lt;img src=&quot;/public/images/2021-12-01-slim-but-smart-a-review-on-ALBERT/param.png&quot; alt=&quot;param&quot; /&gt;&lt;/p&gt;
&lt;h3 id=&quot;overall-improvement&quot;&gt;Overall Improvement&lt;/h3&gt;
&lt;p&gt;The ALBERT-xxlarge model performs significantly better than BERT-large while having 70% fewer parameters! Additionally, the biggest BERT model performed significantly worse than BERT-base on all metrics, which indicates that &lt;strong&gt;bigger is not always better&lt;/strong&gt;. After training for roughly the same amount of time, ALBERT-xxlarge is significantly better than BERT-large: +1.5% better on average, with the difference on the RACE dataset as high as +5.2%.&lt;br /&gt;
&lt;br /&gt;
&lt;img src=&quot;/public/images/2021-12-01-slim-but-smart-a-review-on-ALBERT/overall.png&quot; alt=&quot;overall&quot; /&gt;&lt;/p&gt;
&lt;p align=&quot;center&quot;&gt;&lt;sup&gt;The results of ALBERT’s performance on a variety of benchmark datasets, including the Reading Comprehension test (RACE) mentioned before&lt;/sup&gt;&lt;/p&gt;
&lt;p&gt;The experimental data demonstrates that ALBERT makes notable performance gains over BERT while having considerably fewer parameters. Let’s now assess the individual impact of each of ALBERT’s key design choices:&lt;/p&gt;
&lt;h3 id=&quot;factorized-embeddings-parameterization&quot;&gt;Factorized Embeddings Parameterization&lt;/h3&gt;
&lt;p&gt;In order to assess the impact of the factorized embeddings, four different vocabulary embedding sizes E were used. For each embedding E, the score was collected for the different downstream tasks. This experiment was performed twice: once for BERT-style models with no parameter sharing and once with ALBERT-style models featuring parameter sharing. For the BERT-style models, larger embedding sizes correlated to superior performance, although the performance difference was relatively small. For the ALBERT-style model, it was found that an embedding size of 128 consistently yielded the best performance. Therefore, the authors decided to use an embedding size of 128 for all future ALBERT experiments/settings.&lt;br /&gt;
&lt;br /&gt;
&lt;img src=&quot;/public/images/2021-12-01-slim-but-smart-a-review-on-ALBERT/factor.png&quot; alt=&quot;factor&quot; /&gt;&lt;/p&gt;
&lt;h3 id=&quot;cross-layer-parameter-sharing-1&quot;&gt;Cross-Layer Parameter Sharing&lt;/h3&gt;
&lt;p&gt;To assess the cross-layer parameter sharing, four types of parameter-sharing were assessed on the downstream tasks: not-shared (BERT-style), all-shared (ALBERT-style), only sharing attention parameters, and only sharing feed-forward parameters. The latter two are essentially intermediate strategies where only some parameters are shared. All four strategies were trialed with an embedding size of 768 and 128. It was found that the all-shared strategy employed by ALBERT actually impairs performance for both embedding sizes. However, in comparing the attention-only sharing with the feed-forward-only sharing, it appears that the feed-forward sharing contributes much more to the overall performance drop seen by ALBERT’s all-shared approach. Despite these results, it was found that for the chosen embedding size setting of 128, ALBERT’s performance deficit is relatively minimal.&lt;br /&gt;
&lt;br /&gt;
&lt;img src=&quot;/public/images/2021-12-01-slim-but-smart-a-review-on-ALBERT/cross2.png&quot; alt=&quot;cross2&quot; /&gt;&lt;/p&gt;
&lt;h3 id=&quot;sentence-order-prediction&quot;&gt;Sentence Order Prediction&lt;/h3&gt;
&lt;p&gt;To assess the effectiveness of sentence order prediction, SOP was compared against NSP (BERT-style) as well as the case where no inter-sentence loss is used. The scores were collected for each of these three loss strategies across the different downstream tasks. The results demonstrate that NSP loss doesn’t aid in the SOP task, indicating that NSP only models topic shifts but not inter-sentence coherence. Conversely, the findings show that SOP loss performs well for both tasks. Most importantly, SOP loss consistently improves performance for multi-sentence encoding tasks.&lt;br /&gt;
&lt;br /&gt;
&lt;img src=&quot;/public/images/2021-12-01-slim-but-smart-a-review-on-ALBERT/sop.png&quot; alt=&quot;sop&quot; /&gt;&lt;/p&gt;
&lt;p&gt;&lt;/p&gt;
&lt;h2 id=&quot;final-words&quot;&gt;Final Words&lt;/h2&gt;
&lt;p&gt;Model pruning is commonly used to reduce the size of complex models for faster inference, but we can also save training time (along with inference time) and compute resources by building a smaller model from the very beginning. ALBERT did this through making the vocabulary embedding layer smaller, sharing parameters across all of its layers, and using a loss function better suited for the task of comprehending sentence coherence. The key takeaway from ALBERT is that &lt;span style=&quot;color:#CC2F67&quot;&gt;larger models are not always better! Clever design choices can make the models smaller but perform better. &lt;/span&gt;&lt;/p&gt;
</content>
 </entry>
 

</feed>
